File Name, File Index,  Size (cm), Size (px)
TestData/MISPFeb2571.jpg, MISPFeb2571.jpg, 0.08121631772855308, 46.75467891024384
TestData/MISPFeb2640.jpg, MISPFeb2640.jpg, 0.14801864855088387, 85.21150157109074
TestData/MISPFeb2671.jpg, MISPFeb2671.jpg, 0.12259605269821677, 70.57619995437555
TestData/MISPFeb2699.jpg, MISPFeb2699.jpg, 0.12005930830387572, 69.1158447825099
TestData/MISPFeb2744.jpg, MISPFeb2744.jpg, 0.16866617774774814, 97.09788875150684
TestData/MISPFeb2774.jpg, MISPFeb2774.jpg, 0.15707794654264112, 90.4267659490264
