File Name, File Index,  Size (cm), Size (px)
TestData/MISPFeb2571.jpg, MISPFeb2571.jpg, 0.08007513573063639, 46.09772228646444
TestData/MISPFeb2640.jpg, MISPFeb2640.jpg, 0.14975146053529342, 86.20904824900923
TestData/MISPFeb2671.jpg, MISPFeb2671.jpg, 0.1264250699970657, 72.78049189171504
TestData/MISPFeb2699.jpg, MISPFeb2699.jpg, 0.12130943893412567, 69.83552104767315
TestData/MISPFeb2744.jpg, MISPFeb2744.jpg, 0.16444500489006963, 94.66784036831093
TestData/MISPFeb2774.jpg, MISPFeb2774.jpg, 0.1562400887937519, 89.94442728707543
